COIL,MT_FROM,MT_TO,DATE,DIF_TIPO_1,DIF_TIPO_2,DIF_TIPO_3,DIF_TIPO_4,DIF_TIPO_5,DIF_TIPO_6,defect_event_id,coverage_status,points_in_interval,run_min_mt,run_max_mt
389523,0.0,599.0,2019-03-01,0,0,1,0,0,0,0,full_coverage,86,0.0,1456.0
389523,600.0,1457.0,2019-03-01,0,1,1,0,0,0,1,partial_coverage,123,0.0,1456.0
389528,0.0,1399.0,2019-03-01,0,0,1,0,0,0,2,partial_coverage,136,0.0,945.0
389528,1400.0,1539.0,2019-03-01,0,0,1,0,1,0,3,zero_coverage,0,0.0,945.0
389712,0.0,1374.0,2019-03-01,0,0,1,0,0,0,4,partial_coverage,197,0.0,1372.0
389916,3.0,790.0,2019-03-01,0,1,1,1,0,0,5,partial_coverage,95,0.0,665.0
390020,1.0,1492.0,2019-03-01,0,0,1,0,0,0,6,partial_coverage,196,0.0,1372.0
390318,0.0,1396.0,2019-03-01,0,0,1,1,0,0,7,partial_coverage,200,0.0,1393.0
389110,0.0,2800.0,2019-03-04,0,0,1,1,0,0,8,full_coverage,401,0.0,2800.0
391221,3.0,3029.0,2019-03-07,0,0,1,1,0,0,9,partial_coverage,415,0.0,2905.0
391629,0.0,1375.0,2019-03-07,0,0,0,1,0,0,10,partial_coverage,197,0.0,1372.0
391631,0.0,1129.0,2019-03-07,0,0,1,1,0,0,11,partial_coverage,162,0.0,1127.0
391939,0.0,600.0,2019-03-07,0,1,1,1,0,0,12,full_coverage,86,0.0,1428.0
391939,601.0,1429.0,2019-03-07,0,0,1,1,0,0,13,partial_coverage,119,0.0,1428.0
391942,0.0,907.0,2019-03-07,0,0,1,0,0,0,14,partial_coverage,113,0.0,784.0
392214,0.0,1364.0,2019-03-07,0,0,1,0,0,0,15,partial_coverage,195,0.0,1358.0
392216,0.0,1411.0,2019-03-07,0,0,1,0,0,0,16,partial_coverage,202,0.0,1407.0
392314,191.0,2124.0,2019-03-07,0,0,1,0,0,0,17,partial_coverage,276,196.0,2268.0
392315,2.0,1736.0,2019-03-07,0,0,1,0,0,0,18,partial_coverage,248,7.0,1736.0
392323,680.0,2567.0,2019-03-07,0,0,1,1,0,0,19,partial_coverage,269,686.0,4172.0
392324,0.0,2575.0,2019-03-07,0,1,1,0,0,0,20,partial_coverage,351,0.0,2450.0
392324,482.0,483.0,2019-03-07,0,1,1,0,1,0,21,full_coverage,1,0.0,2450.0
392527,2.0,2148.0,2019-03-07,0,0,1,0,0,0,22,partial_coverage,289,0.0,2023.0
392633,0.0,1390.0,2019-03-07,0,0,1,1,0,0,23,partial_coverage,182,0.0,1267.0
392634,0.0,400.0,2019-03-07,0,0,1,1,0,0,24,full_coverage,58,0.0,994.0
392634,401.0,1000.0,2019-03-07,0,0,1,0,0,0,25,partial_coverage,85,0.0,994.0
392824,8.0,2719.0,2019-03-07,0,0,1,1,0,0,26,partial_coverage,387,14.0,2716.0
393212,1.0,1388.0,2019-03-07,0,0,1,0,0,0,27,partial_coverage,198,7.0,1386.0
393213,76.0,714.0,2019-03-07,0,0,0,1,0,0,28,partial_coverage,92,77.0,770.0
393215,6.0,2128.0,2019-03-07,0,1,1,0,0,0,29,partial_coverage,304,7.0,2128.0
393216,190.0,2154.0,2019-03-07,0,1,1,0,0,0,30,partial_coverage,280,196.0,2310.0
381326,2.0,2123.0,2019-03-09,1,0,1,1,0,0,31,partial_coverage,303,7.0,2121.0
389911,0.0,4377.0,2019-03-09,0,0,0,1,0,0,32,partial_coverage,626,0.0,4375.0
392413,0.0,1419.0,2019-03-09,0,0,1,1,0,0,33,partial_coverage,203,0.0,1414.0
392918,0.0,1393.0,2019-03-09,1,0,1,1,0,0,34,full_coverage,200,0.0,1393.0
392929,0.0,2149.0,2019-03-09,1,0,1,1,0,0,35,full_coverage,308,0.0,2149.0
391012,0.0,110.0,2019-03-10,1,0,0,1,0,0,36,full_coverage,16,0.0,1029.0
391012,111.0,1032.0,2019-03-10,0,0,0,1,0,0,37,partial_coverage,132,0.0,1029.0
392316,0.0,2083.0,2019-03-10,0,0,0,1,0,0,38,partial_coverage,289,0.0,2016.0
392916,0.0,699.0,2019-03-10,0,0,1,1,0,0,39,partial_coverage,83,0.0,574.0
392933,1.0,2156.0,2019-03-10,0,0,0,1,1,0,40,partial_coverage,291,0.0,2037.0
392941,0.0,979.0,2019-03-10,0,0,0,1,0,0,41,full_coverage,140,0.0,1365.0
392941,980.0,1369.0,2019-03-10,0,0,0,1,1,0,42,partial_coverage,56,0.0,1365.0
392947,0.0,1415.0,2019-03-10,0,0,1,0,0,0,43,partial_coverage,203,0.0,1414.0
390015,0.0,898.0,2019-03-11,0,0,0,1,0,0,44,partial_coverage,129,0.0,896.0
393516,0.0,1261.0,2019-03-11,0,0,0,1,0,0,45,partial_coverage,102,0.0,707.0
393517,0.0,1382.0,2019-03-11,0,0,0,1,0,0,46,partial_coverage,198,0.0,1379.0
393532,0.0,1404.0,2019-03-11,0,0,0,1,0,0,47,partial_coverage,201,0.0,1400.0
393817,0.0,1526.0,2019-03-11,0,0,0,1,0,0,48,full_coverage,219,0.0,1526.0
393831,2.0,2141.0,2019-03-11,0,0,0,1,0,0,49,partial_coverage,305,7.0,2135.0
393833,1.0,2124.0,2019-03-11,0,0,0,1,0,0,50,partial_coverage,218,0.0,1526.0
394628,0.0,2172.0,2019-03-11,0,1,1,1,0,0,51,partial_coverage,311,0.0,2170.0
390820,0.0,699.0,2019-03-12,1,0,1,1,0,0,52,partial_coverage,100,0.0,693.0
390825,72.0,845.0,2019-03-12,0,0,1,1,0,0,53,partial_coverage,110,77.0,889.0
390826,201.0,815.0,2019-03-12,0,0,1,1,0,0,54,partial_coverage,88,0.0,812.0
390826,0.0,200.0,2019-03-12,1,0,1,1,0,0,55,full_coverage,29,0.0,812.0
391618,0.0,688.0,2019-03-12,0,0,1,1,0,0,56,partial_coverage,99,0.0,686.0
393529,3.0,1419.0,2019-03-12,0,0,1,1,0,0,57,partial_coverage,202,7.0,1414.0
393530,0.0,1422.0,2019-03-12,0,0,1,1,0,0,58,partial_coverage,204,0.0,1421.0
393530,200.0,400.0,2019-03-12,1,0,1,1,0,0,59,full_coverage,29,0.0,1421.0
393531,0.0,1423.0,2019-03-12,0,0,1,1,0,0,60,partial_coverage,204,0.0,1421.0
394311,0.0,1048.0,2019-03-12,0,0,1,1,0,0,61,partial_coverage,150,0.0,1043.0
394322,0.0,1350.0,2019-03-12,0,0,1,0,0,0,62,partial_coverage,193,0.0,1344.0
394718,190.0,1530.0,2019-03-12,0,0,1,0,0,0,63,partial_coverage,191,196.0,1960.0
394721,1.0,1525.0,2019-03-12,0,0,1,1,0,0,64,partial_coverage,217,7.0,1519.0
383325,0.0,820.0,2019-03-13,0,0,1,0,0,0,65,full_coverage,118,0.0,1260.0
394334,0.0,839.0,2019-03-13,0,0,1,1,0,0,66,full_coverage,120,0.0,2177.0
394334,840.0,2177.0,2019-03-13,0,1,1,1,0,0,67,full_coverage,192,0.0,2177.0
394335,1901.0,2165.0,2019-03-13,0,0,1,1,0,0,68,partial_coverage,38,7.0,2163.0
394335,1.0,1900.0,2019-03-13,0,1,1,1,0,0,69,partial_coverage,271,7.0,2163.0
394341,0.0,1473.0,2019-03-13,0,0,1,1,0,0,70,partial_coverage,211,0.0,1470.0
394622,118.0,1798.0,2019-03-13,0,1,1,0,0,0,71,partial_coverage,240,119.0,1883.0
394626,1.0,1473.0,2019-03-13,0,1,1,0,0,0,72,partial_coverage,193,0.0,1351.0
395212,0.0,1511.0,2019-03-13,0,1,1,0,0,0,73,partial_coverage,199,0.0,1386.0
395228,0.0,2105.0,2019-03-13,0,0,0,1,0,0,74,partial_coverage,301,0.0,2100.0
395245,1.0,995.0,2019-03-13,0,0,1,0,0,0,75,partial_coverage,142,7.0,994.0
395245,500.0,655.0,2019-03-13,1,0,1,0,0,0,76,full_coverage,22,7.0,994.0
395324,0.0,1398.0,2019-03-13,0,0,1,1,0,0,77,partial_coverage,200,0.0,1393.0
395325,6.0,1359.0,2019-03-13,0,0,1,1,0,0,78,partial_coverage,194,7.0,2058.0
395325,1360.0,2060.0,2019-03-13,0,1,1,1,0,0,79,partial_coverage,100,7.0,2058.0
395332,2.0,1845.0,2019-03-13,0,0,1,1,0,0,80,partial_coverage,246,0.0,1722.0
395410,0.0,1475.0,2019-03-13,0,1,1,0,0,0,81,partial_coverage,211,0.0,1470.0
386013,0.0,887.0,2019-03-14,0,0,1,1,0,0,82,partial_coverage,127,0.0,882.0
390824,0.0,685.0,2019-03-14,1,0,1,1,0,0,83,partial_coverage,68,0.0,469.0
393013,0.0,746.0,2019-03-14,0,0,1,0,0,0,84,partial_coverage,107,0.0,742.0
393533,0.0,975.0,2019-03-14,1,0,1,1,0,0,85,partial_coverage,140,0.0,973.0
394210,0.0,666.0,2019-03-14,0,0,1,1,0,0,86,partial_coverage,96,0.0,665.0
394316,0.0,734.0,2019-03-14,1,0,1,1,0,0,87,partial_coverage,105,0.0,728.0
394317,0.0,1802.0,2019-03-14,0,0,1,0,0,0,88,partial_coverage,258,0.0,1799.0
394321,0.0,1432.0,2019-03-14,0,0,1,0,0,0,89,partial_coverage,205,0.0,1428.0
394326,0.0,1336.0,2019-03-14,0,0,1,0,0,0,90,partial_coverage,170,0.0,1183.0
395223,0.0,1373.0,2019-03-14,0,0,1,0,0,0,91,partial_coverage,180,0.0,1253.0
392915,0.0,623.0,2019-03-15,0,0,1,1,0,0,92,partial_coverage,85,0.0,588.0
393514,0.0,669.0,2019-03-15,0,0,1,1,0,0,93,partial_coverage,96,0.0,665.0
394314,0.0,671.0,2019-03-15,0,0,1,1,0,0,94,partial_coverage,68,0.0,469.0
394614,0.0,690.0,2019-03-15,0,0,1,1,0,0,95,partial_coverage,82,0.0,567.0
394620,0.0,587.0,2019-03-15,0,0,1,1,0,0,96,partial_coverage,84,0.0,581.0
384413,800.0,2118.0,2019-03-16,0,0,0,1,0,0,97,partial_coverage,188,0.0,2114.0
385021,3.0,4138.0,2019-03-16,0,0,1,1,0,0,98,partial_coverage,591,7.0,4137.0
388913,0.0,2094.0,2019-03-16,0,0,1,0,0,0,99,partial_coverage,300,0.0,2093.0
392220,1.0,1700.0,2019-03-16,0,0,0,1,0,0,100,full_coverage,242,0.0,1981.0
394010,7.0,3316.0,2019-03-16,0,0,1,0,0,0,101,partial_coverage,473,7.0,3311.0
394023,2.0,2960.0,2019-03-16,0,0,1,0,0,0,102,partial_coverage,405,0.0,2835.0
394631,1.0,2109.0,2019-03-16,0,0,0,1,1,0,103,partial_coverage,284,0.0,1988.0
395226,0.0,1711.0,2019-03-16,0,0,0,1,0,0,104,partial_coverage,245,0.0,1708.0
395514,0.0,1795.0,2019-03-16,0,0,0,1,0,0,105,partial_coverage,257,0.0,1792.0
395732,0.0,1750.0,2019-03-16,0,0,0,1,0,0,106,full_coverage,251,0.0,1750.0
396012,0.0,399.0,2019-03-16,1,0,0,0,0,0,107,full_coverage,58,0.0,1505.0
396012,400.0,1511.0,2019-03-16,1,1,0,0,0,0,108,partial_coverage,158,0.0,1505.0
396110,1.0,2532.0,2019-03-16,0,0,1,0,0,0,109,partial_coverage,344,0.0,2408.0
396111,1.0,3422.0,2019-03-16,0,0,1,0,0,0,110,partial_coverage,488,7.0,3416.0
396112,0.0,50.0,2019-03-16,0,1,0,1,1,0,111,full_coverage,8,0.0,2100.0
396112,51.0,2102.0,2019-03-16,0,1,0,1,0,0,112,partial_coverage,293,0.0,2100.0
396113,1.0,3415.0,2019-03-16,0,0,1,0,0,0,113,partial_coverage,441,0.0,3087.0
396515,1.0,1800.0,2019-03-16,0,0,1,0,0,0,114,partial_coverage,257,7.0,2345.0
394819,0.0,678.0,2019-03-17,1,0,1,1,0,0,115,partial_coverage,97,0.0,672.0
395232,0.0,60.0,2019-03-17,0,1,0,1,0,0,116,full_coverage,9,0.0,1400.0
395232,61.0,1401.0,2019-03-17,0,0,0,1,0,0,117,partial_coverage,192,0.0,1400.0
395310,0.0,100.0,2019-03-17,0,1,1,0,0,0,118,full_coverage,15,0.0,1043.0
395310,101.0,1049.0,2019-03-17,0,0,1,0,0,0,119,partial_coverage,135,0.0,1043.0
395319,0.0,1527.0,2019-03-17,0,0,1,0,0,0,120,partial_coverage,219,0.0,1526.0
395434,0.0,907.0,2019-03-17,0,0,1,0,0,0,121,partial_coverage,130,0.0,903.0
395510,0.0,663.0,2019-03-17,1,0,1,1,0,0,122,partial_coverage,85,0.0,588.0
395512,0.0,100.0,2019-03-17,0,1,0,1,0,0,123,full_coverage,15,0.0,1267.0
395512,101.0,1390.0,2019-03-17,0,0,0,1,0,0,124,partial_coverage,167,0.0,1267.0
395730,0.0,80.0,2019-03-17,0,1,0,0,0,0,125,full_coverage,12,0.0,1526.0
396010,0.0,695.0,2019-03-17,1,0,1,1,0,0,126,partial_coverage,100,0.0,693.0
382125,7.0,2230.0,2019-03-19,0,0,0,1,0,0,127,partial_coverage,318,7.0,2226.0
394623,0.0,1044.0,2019-03-19,1,0,1,1,0,0,128,partial_coverage,82,0.0,567.0
395218,0.0,951.0,2019-03-19,1,0,1,1,0,0,129,partial_coverage,136,0.0,945.0
395725,0.0,1149.0,2019-03-19,1,0,1,1,0,0,130,partial_coverage,165,0.0,1148.0
395726,215.0,227.0,2019-03-19,1,0,1,1,0,0,131,partial_coverage,2,217.0,224.0
395728,0.0,1163.0,2019-03-19,1,0,1,1,0,0,132,partial_coverage,167,0.0,1162.0
396318,100.0,1027.0,2019-03-19,1,0,1,1,0,0,133,partial_coverage,132,105.0,1064.0
396319,0.0,1007.0,2019-03-19,1,0,1,1,0,0,134,partial_coverage,127,0.0,882.0
396411,0.0,990.0,2019-03-19,1,0,0,0,0,0,135,partial_coverage,125,0.0,868.0
396412,0.0,1389.0,2019-03-19,0,0,0,0,1,0,136,partial_coverage,199,0.0,1386.0
396415,0.0,2858.0,2019-03-19,0,0,0,1,0,0,137,partial_coverage,409,0.0,2856.0
396430,1.0,2831.0,2019-03-19,0,0,0,1,0,0,138,partial_coverage,404,7.0,2828.0
397124,0.0,1438.0,2019-03-19,1,0,1,1,0,0,139,partial_coverage,206,0.0,1435.0
396613,2.0,1807.0,2019-03-20,0,1,1,1,0,0,140,partial_coverage,258,7.0,1806.0
385011,0.0,866.0,2019-03-21,0,1,0,1,0,0,141,partial_coverage,124,0.0,861.0
393534,0.0,681.0,2019-03-24,0,0,1,1,0,0,142,partial_coverage,81,0.0,560.0
395214,0.0,685.0,2019-03-24,0,0,1,0,0,0,143,partial_coverage,98,0.0,679.0
395316,0.0,587.0,2019-03-24,0,0,1,0,0,0,144,partial_coverage,50,0.0,343.0
395318,58.0,619.0,2019-03-24,0,0,1,0,0,0,145,partial_coverage,77,0.0,595.0
396315,540.0,700.0,2019-03-24,0,1,1,0,0,0,146,full_coverage,23,0.0,777.0
396315,0.0,780.0,2019-03-24,0,0,1,0,0,0,147,partial_coverage,112,0.0,777.0
396316,0.0,653.0,2019-03-24,0,0,1,0,0,0,148,partial_coverage,68,0.0,469.0
396317,0.0,696.0,2019-03-24,0,0,1,0,0,0,149,partial_coverage,100,0.0,693.0
397114,0.0,1378.0,2019-03-24,0,0,1,0,0,0,150,partial_coverage,197,0.0,1372.0
397115,0.0,1136.0,2019-03-24,0,0,1,0,0,0,151,partial_coverage,163,0.0,1134.0
397116,654.0,1085.0,2019-03-24,0,1,1,0,0,0,152,full_coverage,62,0.0,1183.0
397117,0.0,1148.0,2019-03-24,0,0,1,0,0,0,153,full_coverage,165,0.0,1148.0
398614,0.0,1076.0,2019-03-24,0,1,1,0,0,0,154,partial_coverage,137,0.0,952.0
398617,0.0,820.0,2019-03-24,0,0,1,0,0,0,155,partial_coverage,118,0.0,819.0
398618,0.0,1058.0,2019-03-24,0,0,1,0,0,0,156,partial_coverage,152,0.0,1057.0
398619,22.0,883.0,2019-03-24,0,0,1,0,0,0,157,partial_coverage,123,28.0,889.0
398920,0.0,320.0,2019-03-24,0,1,0,1,0,0,158,full_coverage,46,0.0,1036.0
398920,321.0,1041.0,2019-03-24,0,0,0,1,0,0,159,partial_coverage,103,0.0,1036.0
397118,0.0,1443.0,2019-03-26,0,0,1,0,0,0,160,partial_coverage,207,0.0,1442.0
397121,0.0,1448.0,2019-03-26,0,0,1,0,0,0,161,partial_coverage,207,0.0,1442.0
398620,0.0,1401.0,2019-03-26,0,0,1,1,0,0,162,partial_coverage,201,0.0,1400.0
400911,0.0,400.0,2019-03-26,0,0,1,0,1,0,163,full_coverage,58,0.0,1281.0
400911,401.0,1400.0,2019-03-26,0,0,1,0,0,0,164,partial_coverage,126,0.0,1281.0
401810,0.0,2098.0,2019-03-26,0,0,1,0,0,0,165,partial_coverage,300,0.0,2093.0
401812,0.0,1385.0,2019-03-26,0,0,1,0,0,0,166,partial_coverage,181,0.0,1260.0
401813,450.0,2112.0,2019-03-26,0,0,0,1,0,0,167,partial_coverage,220,0.0,1988.0
401813,0.0,350.0,2019-03-26,0,0,1,0,0,0,168,full_coverage,51,0.0,1988.0
391614,0.0,958.0,2019-03-27,0,0,1,0,0,0,169,partial_coverage,69,0.0,476.0
391625,0.0,885.0,2019-03-27,0,0,1,0,0,0,170,partial_coverage,127,0.0,882.0
398526,1100.0,2515.0,2019-03-27,0,0,0,1,0,0,171,partial_coverage,202,0.0,2513.0
398815,2500.0,2600.0,2019-03-27,0,0,0,1,0,0,172,full_coverage,14,7.0,2786.0
400014,0.0,649.0,2019-03-27,0,0,1,1,0,0,173,full_coverage,93,0.0,679.0
400015,0.0,1079.0,2019-03-27,0,0,1,0,0,0,174,partial_coverage,155,0.0,1078.0
400120,0.0,1072.0,2019-03-27,0,0,1,0,0,0,175,partial_coverage,137,0.0,952.0
394732,0.0,684.0,2019-03-28,1,0,1,1,0,0,176,partial_coverage,85,0.0,588.0
396611,0.0,683.0,2019-03-28,1,0,1,1,0,0,177,partial_coverage,81,0.0,560.0
400011,0.0,675.0,2019-03-28,1,0,1,1,0,0,178,partial_coverage,97,0.0,672.0
400310,230.0,250.0,2019-03-28,1,1,0,0,0,0,179,full_coverage,3,0.0,609.0
400310,177.0,229.0,2019-03-28,1,0,0,0,0,0,180,full_coverage,7,0.0,609.0
400310,0.0,176.0,2019-03-28,1,0,1,1,0,0,181,full_coverage,26,0.0,609.0
401431,0.0,1528.0,2019-03-30,0,1,1,0,0,0,182,partial_coverage,170,0.0,1183.0
403734,0.0,70.0,2019-03-30,0,1,1,0,0,0,183,full_coverage,11,0.0,1841.0
403734,71.0,1845.0,2019-03-30,0,0,1,0,0,0,184,partial_coverage,253,0.0,1841.0
402032,0.0,2602.0,2019-03-31,0,0,0,0,1,0,185,partial_coverage,372,0.0,2597.0
403410,0.0,730.0,2019-03-31,1,0,0,0,0,0,186,full_coverage,105,0.0,1442.0
402025,5.0,2232.0,2019-04-02,0,0,1,0,0,0,187,partial_coverage,301,0.0,2107.0
404115,0.0,1843.0,2019-04-02,0,0,1,0,0,0,188,partial_coverage,264,0.0,1841.0
405623,2.0,2111.0,2019-04-02,0,0,1,1,0,0,189,partial_coverage,301,7.0,2107.0
394613,0.0,1456.0,2019-04-03,0,0,0,1,0,0,190,full_coverage,209,0.0,1456.0
396310,500.0,1416.0,2019-04-03,0,0,0,1,0,0,191,partial_coverage,131,7.0,1414.0
397823,0.0,1547.0,2019-04-03,0,0,0,1,0,0,192,full_coverage,222,0.0,1547.0
402116,0.0,2075.0,2019-04-03,0,0,1,0,0,0,193,partial_coverage,297,0.0,2072.0
403813,0.0,1375.0,2019-04-03,0,0,1,0,0,0,194,partial_coverage,197,0.0,1372.0
403913,0.0,1471.0,2019-04-03,0,0,0,1,0,0,195,partial_coverage,211,0.0,1470.0
403914,39.0,1474.0,2019-04-03,0,0,0,1,0,0,196,partial_coverage,205,42.0,1498.0
404711,0.0,1050.0,2019-04-03,0,0,1,0,0,0,197,full_coverage,151,0.0,1050.0
404725,0.0,1416.0,2019-04-03,0,0,1,0,0,0,198,partial_coverage,203,0.0,1414.0
405612,0.0,1400.0,2019-04-03,0,0,1,0,0,0,199,full_coverage,201,0.0,1400.0
405613,0.0,900.0,2019-04-03,0,0,1,0,0,0,200,partial_coverage,129,0.0,896.0
405625,0.0,1727.0,2019-04-03,0,0,1,0,0,0,201,partial_coverage,247,0.0,1722.0
405813,0.0,1412.0,2019-04-03,0,0,1,0,0,0,202,partial_coverage,185,0.0,1288.0
405910,0.0,1070.0,2019-04-03,0,0,1,0,0,0,203,partial_coverage,153,0.0,1064.0
404613,0.0,911.0,2019-04-04,0,0,1,0,0,0,204,partial_coverage,114,0.0,791.0
405926,0.0,1391.0,2019-04-04,0,0,1,1,0,0,205,partial_coverage,199,0.0,1386.0
391619,322.0,695.0,2019-04-05,0,0,0,1,0,0,206,full_coverage,54,0.0,945.0
403318,0.0,1083.0,2019-04-05,1,0,1,0,0,0,207,partial_coverage,155,0.0,1078.0
403337,0.0,1053.0,2019-04-05,0,0,1,0,0,0,208,partial_coverage,102,0.0,707.0
403338,500.0,1015.0,2019-04-05,1,0,1,0,0,0,209,full_coverage,74,0.0,1015.0
403338,0.0,499.0,2019-04-05,0,0,1,0,0,0,210,full_coverage,72,0.0,1015.0
404717,68.0,78.0,2019-04-05,1,0,0,0,0,0,211,partial_coverage,2,70.0,77.0
405814,0.0,711.0,2019-04-05,0,1,0,0,1,0,212,partial_coverage,102,0.0,707.0
405823,0.0,1094.0,2019-04-05,0,0,1,0,0,0,213,partial_coverage,157,0.0,1092.0
405830,0.0,200.0,2019-04-05,1,0,1,0,0,0,214,full_coverage,29,0.0,1085.0
405830,201.0,1090.0,2019-04-05,0,0,1,0,0,0,215,partial_coverage,127,0.0,1085.0
405830,250.0,350.0,2019-04-05,0,1,1,0,0,0,216,full_coverage,15,0.0,1085.0
405918,700.0,845.0,2019-04-05,0,1,0,0,1,0,217,partial_coverage,4,0.0,721.0
405918,0.0,699.0,2019-04-05,0,0,0,0,1,0,218,full_coverage,100,0.0,721.0
405920,0.0,1142.0,2019-04-05,0,0,1,0,0,0,219,partial_coverage,164,0.0,1141.0
406916,0.0,961.0,2019-04-05,0,0,1,1,0,1,220,partial_coverage,138,0.0,959.0
406925,0.0,100.0,2019-04-05,1,1,1,1,0,0,221,full_coverage,15,0.0,1414.0
406925,101.0,150.0,2019-04-05,1,0,1,0,0,0,222,full_coverage,7,0.0,1414.0
406925,151.0,1415.0,2019-04-05,0,0,1,0,0,0,223,partial_coverage,181,0.0,1414.0
407117,0.0,2145.0,2019-04-05,0,0,1,0,0,0,224,partial_coverage,307,0.0,2142.0
403733,301.0,1802.0,2019-04-06,0,0,1,0,0,0,225,partial_coverage,215,7.0,1799.0
403733,1.0,300.0,2019-04-06,0,0,1,1,0,0,226,partial_coverage,42,7.0,1799.0
404724,0.0,1368.0,2019-04-06,0,0,1,0,0,0,227,partial_coverage,179,0.0,1246.0
406920,181.0,197.0,2019-04-06,0,0,1,1,0,1,228,partial_coverage,3,182.0,196.0
406921,221.0,449.0,2019-04-06,0,0,1,0,0,0,229,full_coverage,33,0.0,2093.0
406921,450.0,2142.0,2019-04-06,0,1,1,0,0,0,230,partial_coverage,235,0.0,2093.0
406924,0.0,700.0,2019-04-06,0,0,1,1,0,1,231,full_coverage,101,0.0,2093.0
406924,701.0,2212.0,2019-04-06,0,0,1,1,0,0,232,partial_coverage,199,0.0,2093.0
406926,0.0,1448.0,2019-04-06,0,0,1,0,0,0,233,partial_coverage,136,0.0,945.0
407116,0.0,1422.0,2019-04-06,0,0,1,0,0,0,234,partial_coverage,204,0.0,1421.0
407120,0.0,1411.0,2019-04-06,0,0,1,0,0,0,235,partial_coverage,202,0.0,1407.0
407130,0.0,2181.0,2019-04-06,0,0,1,1,0,0,236,partial_coverage,312,0.0,2177.0
391623,0.0,1297.0,2019-04-07,0,0,1,0,0,0,237,partial_coverage,186,0.0,1295.0
406012,0.0,799.0,2019-04-07,0,0,1,1,0,0,238,full_coverage,115,0.0,826.0
406012,800.0,1029.0,2019-04-07,0,0,1,1,1,0,239,partial_coverage,4,0.0,826.0
406429,0.0,2127.0,2019-04-07,0,0,1,0,0,0,240,partial_coverage,304,0.0,2121.0
406911,200.0,1912.0,2019-04-07,0,1,0,0,0,0,241,partial_coverage,245,0.0,1911.0
406917,0.0,867.0,2019-04-07,0,0,1,0,0,0,242,partial_coverage,124,0.0,861.0
407113,0.0,90.0,2019-04-07,1,0,0,0,0,0,243,full_coverage,13,0.0,1029.0
407132,350.0,877.0,2019-04-07,0,0,1,0,0,0,244,partial_coverage,76,0.0,875.0
407135,0.0,2382.0,2019-04-07,0,0,1,0,0,0,245,partial_coverage,324,0.0,2261.0
407137,0.0,2934.0,2019-04-07,0,1,1,1,1,0,246,partial_coverage,420,0.0,2933.0
407414,0.0,1420.0,2019-04-07,0,0,1,0,0,0,247,partial_coverage,203,0.0,1414.0
407415,600.0,665.0,2019-04-07,0,1,1,1,0,0,248,full_coverage,10,0.0,1064.0
407415,0.0,1407.0,2019-04-07,0,0,1,1,0,0,249,partial_coverage,153,0.0,1064.0
407422,0.0,1046.0,2019-04-07,0,0,1,0,0,0,250,partial_coverage,150,0.0,1043.0
407423,0.0,2299.0,2019-04-07,0,0,1,0,0,0,251,partial_coverage,329,0.0,2296.0
404210,0.0,682.0,2019-04-08,0,0,1,1,0,0,252,partial_coverage,98,0.0,679.0
405811,0.0,923.0,2019-04-08,0,0,1,1,0,0,253,partial_coverage,132,0.0,917.0
405917,0.0,602.0,2019-04-08,1,0,1,1,0,0,254,partial_coverage,68,0.0,469.0
406810,0.0,1039.0,2019-04-08,0,0,0,1,0,0,255,partial_coverage,85,0.0,588.0
406812,0.0,1238.0,2019-04-08,0,0,0,0,1,0,256,partial_coverage,177,0.0,1232.0
406918,0.0,1507.0,2019-04-08,0,0,1,0,0,0,257,partial_coverage,216,0.0,1505.0
406927,0.0,1778.0,2019-04-08,0,0,0,1,1,0,258,full_coverage,255,0.0,1778.0
406928,414.0,1403.0,2019-04-08,0,0,1,1,0,0,259,partial_coverage,141,420.0,1792.0
406929,0.0,720.0,2019-04-08,0,1,1,0,0,0,260,full_coverage,103,0.0,1183.0
406929,721.0,1423.0,2019-04-08,0,0,1,0,0,0,261,partial_coverage,67,0.0,1183.0
407011,0.0,684.0,2019-04-08,1,0,1,1,0,0,262,partial_coverage,98,0.0,679.0
407012,30.0,131.0,2019-04-08,1,0,1,1,0,0,263,partial_coverage,14,35.0,714.0
407119,0.0,2126.0,2019-04-08,0,1,1,0,0,0,264,partial_coverage,287,0.0,2002.0
407421,1.0,50.0,2019-04-08,0,1,1,0,0,0,265,partial_coverage,7,7.0,1204.0
407421,51.0,1204.0,2019-04-08,0,0,1,0,0,0,266,full_coverage,165,7.0,1204.0
407512,0.0,1417.0,2019-04-08,0,0,0,1,1,0,267,partial_coverage,203,0.0,1414.0
407818,0.0,1063.0,2019-04-08,0,0,1,0,0,0,268,partial_coverage,152,0.0,1057.0
407820,0.0,819.0,2019-04-08,0,0,1,1,0,0,269,full_coverage,118,0.0,910.0
407820,820.0,912.0,2019-04-08,0,0,1,1,1,0,270,partial_coverage,13,0.0,910.0
408320,0.0,280.0,2019-04-08,1,0,1,1,0,0,271,full_coverage,41,0.0,1400.0
408320,1390.0,1401.0,2019-04-08,0,1,1,1,0,0,272,partial_coverage,2,0.0,1400.0
408320,281.0,1389.0,2019-04-08,0,0,1,1,0,0,273,full_coverage,158,0.0,1400.0
408324,0.0,100.0,2019-04-08,1,0,0,0,0,0,274,full_coverage,15,0.0,1526.0
406818,0.0,2704.0,2019-04-09,0,0,1,1,1,0,275,partial_coverage,374,0.0,2611.0
407210,1.0,759.0,2019-04-09,0,0,0,0,1,0,276,partial_coverage,108,7.0,2198.0
407210,760.0,2201.0,2019-04-09,0,0,0,1,1,0,277,partial_coverage,206,7.0,2198.0
407212,0.0,2269.0,2019-04-09,0,0,0,1,1,0,278,partial_coverage,325,0.0,2268.0
410213,0.0,1517.0,2019-04-12,0,0,0,0,1,0,279,partial_coverage,200,0.0,1393.0
407910,0.0,2113.0,2019-04-13,0,0,1,1,0,0,280,partial_coverage,302,0.0,2107.0
409114,0.0,1546.0,2019-04-13,0,0,1,0,0,0,281,partial_coverage,221,0.0,1540.0
409116,2.0,2116.0,2019-04-13,0,0,1,0,1,0,282,partial_coverage,285,0.0,1995.0
409810,0.0,1458.0,2019-04-13,0,0,1,0,0,0,283,partial_coverage,209,0.0,1456.0
410011,0.0,1460.0,2019-04-13,0,0,1,0,0,0,284,partial_coverage,209,0.0,1456.0
367736,0.0,719.0,2019-04-14,0,0,1,0,0,0,285,partial_coverage,103,0.0,714.0
406620,850.0,1200.0,2019-04-14,0,0,1,0,0,0,286,full_coverage,50,0.0,1288.0
409612,0.0,1058.0,2019-04-14,0,0,1,0,0,0,287,partial_coverage,135,0.0,938.0
409614,0.0,696.0,2019-04-14,0,0,0,1,0,0,288,partial_coverage,100,0.0,693.0
410010,0.0,550.0,2019-04-14,0,0,0,1,0,0,289,full_coverage,79,0.0,1022.0
410417,0.0,270.0,2019-04-14,0,0,0,1,0,0,290,full_coverage,39,0.0,924.0
410447,0.0,1371.0,2019-04-14,0,0,1,0,0,0,291,partial_coverage,196,0.0,1365.0
411015,0.0,1511.0,2019-04-14,0,0,1,0,0,0,292,partial_coverage,216,0.0,1505.0
411021,0.0,1792.0,2019-04-14,0,0,1,1,0,0,293,full_coverage,257,0.0,1792.0
407131,0.0,579.0,2019-04-15,0,0,1,0,0,0,294,full_coverage,83,0.0,1043.0
407131,580.0,1044.0,2019-04-15,1,0,1,0,0,0,295,partial_coverage,67,0.0,1043.0
408329,1.0,2146.0,2019-04-15,0,0,1,0,0,0,296,partial_coverage,203,0.0,1421.0
410434,3.0,2121.0,2019-04-15,0,0,0,1,0,0,297,partial_coverage,235,0.0,1645.0
410441,0.0,1289.0,2019-04-15,0,0,1,0,0,0,298,partial_coverage,168,0.0,1169.0
411017,417.0,1411.0,2019-04-15,1,0,1,1,0,0,299,partial_coverage,136,0.0,1365.0
411412,0.0,1169.0,2019-04-15,0,0,1,0,0,0,300,full_coverage,168,0.0,1169.0
411713,0.0,1560.0,2019-04-15,0,0,1,0,0,0,301,partial_coverage,223,0.0,1554.0
412314,0.0,2573.0,2019-04-15,0,0,1,0,0,0,302,partial_coverage,351,0.0,2450.0
412511,0.0,1380.0,2019-04-15,0,0,1,0,0,0,303,partial_coverage,198,0.0,1379.0
412914,0.0,1033.0,2019-04-15,1,0,1,1,0,0,304,partial_coverage,148,0.0,1029.0
407127,3.0,1999.0,2019-04-16,0,0,1,0,0,0,305,partial_coverage,285,7.0,2681.0
407127,2000.0,2683.0,2019-04-16,0,0,1,1,0,0,306,partial_coverage,98,7.0,2681.0
408325,800.0,2241.0,2019-04-16,0,0,0,1,0,0,307,partial_coverage,206,7.0,2240.0
408326,0.0,2721.0,2019-04-16,0,0,0,1,0,0,308,partial_coverage,389,0.0,2716.0
408330,1.0,1510.0,2019-04-16,0,0,1,0,0,0,309,partial_coverage,215,7.0,1505.0
408910,0.0,2139.0,2019-04-16,0,0,1,1,0,0,310,partial_coverage,306,0.0,2135.0
409117,1.0,1200.0,2019-04-16,0,0,0,1,0,0,311,partial_coverage,171,7.0,2100.0
410411,3.0,2091.0,2019-04-16,0,0,1,1,0,0,312,partial_coverage,254,0.0,1778.0
410422,0.0,1412.0,2019-04-16,0,0,1,0,0,0,313,partial_coverage,151,0.0,1050.0
410424,119.0,1756.0,2019-04-16,0,0,1,0,0,0,314,partial_coverage,231,0.0,1729.0
410426,650.0,1800.0,2019-04-16,0,1,0,1,0,0,315,full_coverage,165,7.0,2555.0
410426,2.0,2556.0,2019-04-16,0,0,0,1,0,0,316,partial_coverage,365,7.0,2555.0
410444,0.0,1458.0,2019-04-16,0,0,1,1,0,0,317,partial_coverage,209,0.0,1456.0
410712,3.0,2136.0,2019-04-16,0,0,1,0,0,0,318,partial_coverage,305,7.0,2135.0
411711,1.0,1891.0,2019-04-16,0,0,1,0,0,0,319,partial_coverage,253,0.0,1771.0
411712,0.0,1538.0,2019-04-16,0,0,1,0,0,0,320,partial_coverage,220,0.0,1533.0
412313,0.0,2602.0,2019-04-16,0,0,1,0,0,0,321,partial_coverage,372,0.0,2597.0
412316,0.0,2127.0,2019-04-16,0,0,1,1,0,0,322,partial_coverage,287,0.0,2002.0
412512,1.0,1913.0,2019-04-16,0,0,1,0,0,0,323,partial_coverage,169,0.0,1183.0
408735,0.0,2313.0,2019-04-18,0,0,1,1,0,0,324,partial_coverage,331,0.0,2310.0
411111,0.0,1024.0,2019-04-18,0,0,1,0,0,0,325,partial_coverage,147,0.0,1022.0
412023,0.0,1046.0,2019-04-18,0,0,1,0,0,0,326,partial_coverage,150,0.0,1043.0
412024,0.0,1055.0,2019-04-18,0,0,1,0,0,0,327,partial_coverage,134,0.0,931.0
412410,351.0,1398.0,2019-04-18,0,0,1,0,0,0,328,partial_coverage,149,7.0,1393.0
412410,4.0,350.0,2019-04-18,1,0,1,0,0,0,329,partial_coverage,50,7.0,1393.0
412411,2.0,2114.0,2019-04-18,0,0,1,1,0,0,330,partial_coverage,302,7.0,2114.0
412710,0.0,1031.0,2019-04-18,0,0,1,0,0,0,331,partial_coverage,136,0.0,945.0
412711,0.0,1107.0,2019-04-18,0,0,1,1,0,0,332,partial_coverage,159,0.0,1106.0
413210,0.0,1444.0,2019-04-18,0,0,1,1,0,0,333,partial_coverage,207,0.0,1442.0
413311,0.0,1107.0,2019-04-18,0,0,1,1,0,0,334,partial_coverage,159,0.0,1106.0
413312,3.0,2091.0,2019-04-18,0,0,1,1,0,0,335,partial_coverage,298,7.0,2086.0
413313,1.0,2076.0,2019-04-18,0,1,1,1,0,0,336,partial_coverage,296,7.0,2072.0
407118,854.0,1480.0,2019-04-19,0,0,1,1,0,0,337,full_coverage,90,0.0,2373.0
410910,0.0,685.0,2019-04-19,0,0,1,0,0,0,338,partial_coverage,98,0.0,679.0
411110,0.0,678.0,2019-04-19,0,0,1,0,0,0,339,partial_coverage,80,0.0,553.0
413415,0.0,1055.0,2019-04-19,0,0,1,0,0,0,340,partial_coverage,151,0.0,1050.0
413417,0.0,390.0,2019-04-19,0,1,1,0,1,0,341,full_coverage,56,0.0,1281.0
413417,391.0,1403.0,2019-04-19,0,1,1,0,0,0,342,partial_coverage,128,0.0,1281.0
413421,4.0,2147.0,2019-04-19,0,1,1,1,0,0,343,partial_coverage,306,7.0,2142.0
413424,2.0,2099.0,2019-04-19,0,1,1,1,0,0,344,partial_coverage,186,0.0,1302.0
413425,4.0,649.0,2019-04-19,0,0,0,1,0,0,345,partial_coverage,92,7.0,2086.0
413425,650.0,2092.0,2019-04-19,0,1,0,1,0,0,346,partial_coverage,206,7.0,2086.0
413924,1.0,1508.0,2019-04-19,0,0,1,0,0,0,347,partial_coverage,215,7.0,1505.0
413925,0.0,1542.0,2019-04-19,0,0,1,1,0,0,348,partial_coverage,221,0.0,1540.0
413944,0.0,1423.0,2019-04-19,0,0,1,1,0,0,349,partial_coverage,204,0.0,1421.0
413946,350.0,2163.0,2019-04-19,0,0,0,1,0,0,350,full_coverage,260,0.0,2163.0
413948,0.0,1074.0,2019-04-19,0,0,1,0,0,0,351,partial_coverage,154,0.0,1071.0
413949,0.0,1420.0,2019-04-19,0,0,1,1,0,0,352,partial_coverage,186,0.0,1295.0
414336,0.0,1442.0,2019-04-19,0,0,1,1,0,0,353,full_coverage,207,0.0,1442.0
414337,19.0,1455.0,2019-04-19,0,0,1,1,0,0,354,partial_coverage,205,21.0,1449.0
414338,0.0,1237.0,2019-04-19,0,0,1,0,1,0,355,partial_coverage,160,0.0,1113.0
414519,0.0,50.0,2019-04-19,0,0,1,0,1,0,356,full_coverage,8,0.0,1519.0
414519,51.0,1520.0,2019-04-19,0,0,1,0,0,0,357,partial_coverage,210,0.0,1519.0
414522,0.0,1059.0,2019-04-19,0,0,1,0,0,0,358,partial_coverage,152,0.0,1057.0
407311,500.0,614.0,2019-04-20,0,1,1,0,0,0,359,full_coverage,16,0.0,686.0
407311,450.0,499.0,2019-04-20,0,1,0,0,0,0,360,full_coverage,7,0.0,686.0
407313,251.0,826.0,2019-04-20,0,0,1,0,0,0,361,full_coverage,83,0.0,826.0
407313,0.0,250.0,2019-04-20,0,0,1,0,0,1,362,full_coverage,36,0.0,826.0
411138,0.0,687.0,2019-04-20,0,0,1,0,0,0,363,partial_coverage,99,0.0,686.0
411139,0.0,680.0,2019-04-20,0,0,1,0,0,0,364,partial_coverage,98,0.0,679.0
412010,0.0,611.0,2019-04-20,0,0,1,0,0,0,365,partial_coverage,81,0.0,560.0
412022,0.0,587.0,2019-04-20,0,0,1,0,0,0,366,full_coverage,84,0.0,679.0
412918,320.0,558.0,2019-04-20,1,1,0,0,0,0,367,full_coverage,34,0.0,581.0
412918,90.0,319.0,2019-04-20,1,0,0,0,0,0,368,full_coverage,33,0.0,581.0
413414,0.0,1128.0,2019-04-20,0,0,1,0,0,0,369,partial_coverage,162,0.0,1127.0
413922,0.0,706.0,2019-04-20,0,0,1,0,0,0,370,partial_coverage,101,0.0,700.0
413923,0.0,1523.0,2019-04-20,0,0,1,0,0,0,371,partial_coverage,153,0.0,1064.0
414324,3.0,2195.0,2019-04-20,0,0,1,1,0,0,372,partial_coverage,313,7.0,2191.0
414327,1.0,2176.0,2019-04-20,0,0,1,1,0,0,373,partial_coverage,310,7.0,2170.0
414331,0.0,2197.0,2019-04-20,0,0,1,1,0,0,374,partial_coverage,314,0.0,2191.0
414335,0.0,1447.0,2019-04-20,0,0,1,1,0,0,375,partial_coverage,207,0.0,1442.0
414517,0.0,1394.0,2019-04-20,0,0,1,0,0,0,376,partial_coverage,200,0.0,1393.0
414610,0.0,1504.0,2019-04-20,0,0,1,0,0,0,377,partial_coverage,215,0.0,1498.0
414611,0.0,980.0,2019-04-20,0,0,1,0,0,0,378,full_coverage,141,0.0,1477.0
414713,2.0,1708.0,2019-04-20,0,0,1,1,0,0,379,partial_coverage,244,7.0,1708.0
414723,0.0,1797.0,2019-04-20,0,1,1,1,0,0,380,partial_coverage,257,0.0,1792.0
414728,0.0,1444.0,2019-04-20,0,0,1,0,0,0,381,partial_coverage,207,0.0,1442.0
415111,0.0,1260.0,2019-04-20,0,1,1,1,0,0,382,full_coverage,181,0.0,1904.0
415111,531.0,1910.0,2019-04-20,0,0,1,1,0,0,383,partial_coverage,197,0.0,1904.0
412315,7.0,2314.0,2019-04-21,0,0,1,1,0,0,384,partial_coverage,305,0.0,2135.0
414539,3.0,2147.0,2019-04-21,0,0,1,0,0,0,385,partial_coverage,289,0.0,2023.0
415112,0.0,2269.0,2019-04-21,0,0,1,1,0,0,386,partial_coverage,325,0.0,2268.0
415823,2.0,1780.0,2019-04-21,0,0,1,1,0,0,387,partial_coverage,237,0.0,1659.0
415512,0.0,1660.0,2019-04-23,0,0,1,0,0,0,388,full_coverage,238,0.0,1897.0
415824,1.0,1877.0,2019-04-23,0,0,1,0,0,0,389,partial_coverage,251,0.0,1757.0
410423,1.0,2115.0,2019-04-24,0,0,1,1,0,0,390,partial_coverage,302,7.0,2114.0
413950,0.0,1405.0,2019-04-24,0,0,1,1,0,0,391,partial_coverage,201,0.0,1400.0
414322,1100.0,1416.0,2019-04-24,0,0,1,0,0,0,392,partial_coverage,45,0.0,1414.0
414325,683.0,2239.0,2019-04-24,0,0,1,1,0,0,393,partial_coverage,222,686.0,2877.0
414326,0.0,2212.0,2019-04-24,0,0,1,1,0,0,394,full_coverage,317,0.0,2212.0
414332,1.0,2107.0,2019-04-24,0,0,1,1,0,0,395,partial_coverage,301,7.0,2107.0
414716,0.0,1300.0,2019-04-24,0,0,1,1,0,0,396,full_coverage,186,0.0,1512.0
414716,1301.0,1513.0,2019-04-24,0,0,0,1,0,0,397,partial_coverage,31,0.0,1512.0
414716,290.0,375.0,2019-04-24,1,0,1,1,0,0,398,full_coverage,12,0.0,1512.0
414717,430.0,1300.0,2019-04-24,0,0,1,1,0,0,399,partial_coverage,124,434.0,2527.0
414717,1301.0,2136.0,2019-04-24,0,0,1,0,0,0,400,full_coverage,120,434.0,2527.0
414719,5.0,1787.0,2019-04-24,0,0,1,1,0,0,401,partial_coverage,255,7.0,1785.0
414721,5.0,2160.0,2019-04-24,0,0,1,1,0,0,402,partial_coverage,308,7.0,2156.0
414722,0.0,1267.0,2019-04-24,0,0,1,1,0,0,403,full_coverage,182,0.0,1267.0
414725,0.0,1730.0,2019-04-24,0,0,1,1,0,0,404,partial_coverage,248,0.0,1729.0
414912,1.0,1917.0,2019-04-24,0,0,1,0,0,0,405,partial_coverage,273,7.0,1911.0
414914,0.0,2269.0,2019-04-24,0,0,1,0,0,0,406,partial_coverage,325,0.0,2268.0
415513,3.0,2275.0,2019-04-24,0,0,1,1,0,0,407,partial_coverage,308,0.0,2156.0
415514,1.0,2281.0,2019-04-24,0,0,1,0,0,0,408,partial_coverage,325,7.0,2275.0
415515,0.0,2239.0,2019-04-24,0,0,0,1,0,0,409,partial_coverage,269,0.0,1876.0
415827,0.0,2624.0,2019-04-24,0,0,1,0,0,0,410,partial_coverage,375,0.0,2618.0
413916,0.0,588.0,2019-04-25,0,0,1,0,0,0,411,full_coverage,85,0.0,588.0
414317,0.0,130.0,2019-04-25,0,1,0,0,1,0,412,full_coverage,19,0.0,952.0
414317,131.0,958.0,2019-04-25,0,0,0,0,1,0,413,partial_coverage,118,0.0,952.0
415814,0.0,580.0,2019-04-25,0,0,1,1,1,0,414,partial_coverage,83,0.0,574.0
414720,0.0,1389.0,2019-04-26,0,0,0,1,0,0,415,partial_coverage,199,0.0,1386.0
416316,0.0,1033.0,2019-04-27,0,1,1,0,0,0,416,partial_coverage,148,0.0,1029.0
417210,0.0,803.0,2019-04-27,0,0,0,1,0,0,417,partial_coverage,115,0.0,798.0
417227,0.0,1225.0,2019-04-27,0,1,1,0,0,0,418,full_coverage,176,0.0,1225.0
418319,0.0,1038.0,2019-04-27,0,0,1,0,0,0,419,partial_coverage,132,0.0,917.0
418325,0.0,1083.0,2019-04-27,0,1,0,0,0,0,420,partial_coverage,104,0.0,721.0
414718,0.0,788.0,2019-04-28,0,0,1,0,0,0,421,partial_coverage,62,0.0,427.0
417226,0.0,1226.0,2019-04-28,0,0,1,0,0,0,422,partial_coverage,108,0.0,749.0
417614,0.0,1536.0,2019-04-28,1,0,1,1,0,0,423,partial_coverage,203,0.0,1414.0
417815,1.0,1293.0,2019-04-28,1,0,0,0,0,0,424,partial_coverage,101,0.0,707.0
418110,90.0,200.0,2019-04-28,1,0,0,0,0,0,425,full_coverage,16,7.0,1960.0
418314,0.0,598.0,2019-04-28,0,0,1,0,0,0,426,partial_coverage,86,0.0,595.0
418315,20.0,28.0,2019-04-28,0,0,1,0,0,0,427,partial_coverage,2,21.0,28.0
418327,0.0,694.0,2019-04-28,0,0,1,0,0,0,428,partial_coverage,100,0.0,693.0
418341,0.0,926.0,2019-04-28,0,0,1,0,0,0,429,partial_coverage,133,0.0,924.0
418348,0.0,914.0,2019-04-28,0,0,1,0,0,0,430,partial_coverage,131,0.0,910.0
418349,67.0,79.0,2019-04-28,0,1,1,0,0,0,431,partial_coverage,2,70.0,77.0
418811,0.0,1533.0,2019-04-28,0,0,1,1,0,0,432,full_coverage,220,0.0,1533.0
417610,0.0,839.0,2019-04-29,1,0,1,1,0,0,433,partial_coverage,120,0.0,833.0
417611,0.0,1077.0,2019-04-29,0,0,1,1,0,0,434,partial_coverage,154,0.0,1071.0
417812,0.0,722.0,2019-04-29,0,0,1,0,0,0,435,full_coverage,104,0.0,1029.0
417812,200.0,500.0,2019-04-29,0,1,1,0,0,0,436,full_coverage,43,0.0,1029.0
417813,0.0,1081.0,2019-04-29,0,0,1,1,0,0,437,partial_coverage,155,0.0,1078.0
418111,1.0,1079.0,2019-04-29,0,0,1,1,0,0,438,partial_coverage,137,0.0,959.0
418113,0.0,975.0,2019-04-29,0,1,1,1,0,0,439,partial_coverage,140,0.0,973.0
418313,873.0,1071.0,2019-04-29,0,0,1,1,0,0,440,partial_coverage,29,875.0,3465.0
413951,3.0,1800.0,2019-04-30,0,0,0,1,0,0,441,partial_coverage,257,7.0,2163.0
414339,0.0,1406.0,2019-04-30,0,0,1,0,0,0,442,partial_coverage,201,0.0,1400.0
418316,1.0,2198.0,2019-04-30,0,0,0,1,0,0,443,partial_coverage,297,0.0,2079.0
418317,1300.0,2179.0,2019-04-30,0,0,1,1,0,0,444,partial_coverage,109,0.0,2058.0
418812,0.0,1505.0,2019-04-30,0,0,1,0,0,0,445,full_coverage,216,0.0,1505.0
418816,0.0,1130.0,2019-04-30,0,0,1,0,0,0,446,partial_coverage,162,0.0,1127.0
418818,0.0,2173.0,2019-04-30,0,0,1,1,0,0,447,partial_coverage,311,0.0,2170.0
418819,0.0,1424.0,2019-04-30,0,0,1,1,0,0,448,partial_coverage,204,0.0,1421.0
418820,1.0,2153.0,2019-04-30,0,1,0,1,0,0,449,partial_coverage,271,0.0,1897.0
418820,401.0,1869.0,2019-04-30,0,0,0,1,0,0,450,full_coverage,210,0.0,1897.0
418838,0.0,1098.0,2019-04-30,1,1,0,1,0,0,451,partial_coverage,157,0.0,1092.0
419214,0.0,893.0,2019-04-30,0,0,1,0,0,0,452,partial_coverage,85,0.0,588.0
419215,60.0,60.0,2019-04-30,0,0,1,0,1,0,453,zero_coverage,0,49.0,917.0
419215,44.0,893.0,2019-04-30,0,0,1,0,0,0,454,partial_coverage,121,49.0,917.0
419218,0.0,1436.0,2019-04-30,0,0,1,0,0,0,455,partial_coverage,206,0.0,1435.0
419219,0.0,1384.0,2019-04-30,0,0,1,0,1,0,456,partial_coverage,198,0.0,1379.0
419220,0.0,2082.0,2019-04-30,0,0,0,1,0,0,457,partial_coverage,281,0.0,1960.0
419221,1.0,2193.0,2019-04-30,0,1,1,1,0,0,458,partial_coverage,313,7.0,2198.0
419223,0.0,2179.0,2019-04-30,0,0,0,1,0,0,459,partial_coverage,312,0.0,2177.0
419226,0.0,2030.0,2019-04-30,0,1,1,1,0,0,460,full_coverage,291,0.0,2030.0
419230,101.0,1818.0,2019-04-30,0,0,0,1,0,0,461,partial_coverage,228,0.0,1694.0
419230,1.0,100.0,2019-04-30,0,1,0,1,0,0,462,full_coverage,14,0.0,1694.0
419234,0.0,1020.0,2019-04-30,0,0,1,0,0,0,463,partial_coverage,146,0.0,1015.0
419510,0.0,694.0,2019-04-30,0,0,1,0,0,0,464,partial_coverage,100,0.0,693.0
419513,93.0,1061.0,2019-04-30,0,0,1,0,0,0,465,partial_coverage,138,98.0,1127.0
419518,0.0,1020.0,2019-04-30,0,0,0,0,1,0,466,partial_coverage,146,0.0,1015.0
419519,0.0,1040.0,2019-04-30,0,0,1,0,0,0,467,partial_coverage,149,0.0,1036.0
420514,0.0,1904.0,2019-04-30,0,0,1,0,0,0,468,full_coverage,273,0.0,1904.0
420517,0.0,1129.0,2019-04-30,0,0,1,0,0,0,469,partial_coverage,145,0.0,1008.0
419240,1800.0,2783.0,2019-05-02,0,0,1,1,1,0,470,partial_coverage,72,0.0,2303.0
419240,1420.0,1799.0,2019-05-02,0,0,1,0,1,0,471,full_coverage,55,0.0,2303.0
419240,0.0,1419.0,2019-05-02,0,0,1,0,0,0,472,full_coverage,203,0.0,2303.0
409331,0.0,930.0,2019-05-04,0,0,0,1,0,0,473,partial_coverage,133,0.0,924.0
411212,0.0,330.0,2019-05-04,0,1,0,0,0,0,474,full_coverage,48,0.0,539.0
411245,0.0,813.0,2019-05-04,0,0,1,0,0,0,475,partial_coverage,83,0.0,574.0
414210,0.0,0.0,2019-05-04,0,0,0,1,0,0,476,full_coverage,1,0.0,1015.0
418822,0.0,1028.0,2019-05-04,0,0,1,1,0,0,477,partial_coverage,147,0.0,1022.0
419711,92.0,699.0,2019-05-04,0,0,0,1,0,0,478,partial_coverage,86,98.0,1393.0
419711,700.0,1320.0,2019-05-04,0,1,0,1,0,0,479,full_coverage,89,98.0,1393.0
420512,0.0,1028.0,2019-05-04,0,0,0,1,0,0,480,partial_coverage,147,0.0,1022.0
420518,0.0,1176.0,2019-05-04,0,0,1,0,0,0,481,full_coverage,169,0.0,1176.0
421017,42.0,160.0,2019-05-04,0,0,0,1,0,0,482,partial_coverage,11,0.0,112.0
421018,0.0,1059.0,2019-05-04,0,0,1,0,0,0,483,partial_coverage,152,0.0,1057.0
421019,0.0,1046.0,2019-05-04,0,0,0,1,0,0,484,partial_coverage,150,0.0,1043.0
399111,1.0,110.0,2019-05-06,1,0,0,0,0,0,485,partial_coverage,15,7.0,1512.0
416111,800.0,1049.0,2019-05-06,0,0,1,0,1,0,486,partial_coverage,35,0.0,1043.0
416111,0.0,799.0,2019-05-06,0,0,0,0,1,0,487,full_coverage,115,0.0,1043.0
417711,0.0,120.0,2019-05-06,1,0,0,0,0,0,488,full_coverage,18,0.0,644.0
419217,563.0,1442.0,2019-05-06,0,0,1,0,0,0,489,partial_coverage,126,567.0,2639.0
419237,51.0,2172.0,2019-05-06,0,0,1,0,0,0,490,partial_coverage,303,56.0,2177.0
419424,0.0,1778.0,2019-05-06,0,0,1,0,0,0,491,full_coverage,255,0.0,1778.0
419538,810.0,1403.0,2019-05-06,1,0,0,0,0,0,492,partial_coverage,85,0.0,1400.0
419922,0.0,2000.0,2019-05-06,0,0,1,1,0,0,493,full_coverage,286,0.0,2730.0
419922,2001.0,2730.0,2019-05-06,0,0,1,0,0,0,494,full_coverage,105,0.0,2730.0
419932,0.0,2643.0,2019-05-06,0,0,1,1,0,0,495,partial_coverage,323,0.0,2254.0
420310,0.0,900.0,2019-05-06,0,0,1,0,1,0,496,full_coverage,129,0.0,924.0
420310,901.0,1048.0,2019-05-06,0,0,0,0,1,0,497,partial_coverage,4,0.0,924.0
420311,0.0,1048.0,2019-05-06,0,0,1,0,1,0,498,partial_coverage,150,0.0,1043.0
420313,0.0,2600.0,2019-05-06,0,0,1,1,0,0,499,partial_coverage,355,0.0,2478.0
420411,264.0,1736.0,2019-05-06,0,0,1,0,0,0,500,partial_coverage,115,0.0,1064.0
420412,310.0,1437.0,2019-05-06,0,0,0,0,1,0,501,partial_coverage,161,315.0,1715.0
420913,750.0,1500.0,2019-05-06,0,0,0,1,0,0,502,full_coverage,107,0.0,2107.0
420914,0.0,1300.0,2019-05-06,0,0,1,0,0,1,503,full_coverage,186,0.0,2121.0
420914,1301.0,2125.0,2019-05-06,0,0,1,0,0,0,504,partial_coverage,118,0.0,2121.0
421111,0.0,1669.0,2019-05-06,0,0,1,0,0,0,505,full_coverage,239,0.0,1729.0
421111,1670.0,1730.0,2019-05-06,0,0,1,0,1,0,506,partial_coverage,9,0.0,1729.0
420820,40.0,1150.0,2019-05-07,0,1,0,0,0,0,507,full_coverage,159,7.0,4102.0
416717,0.0,2752.0,2019-05-08,0,0,1,0,0,0,508,partial_coverage,289,0.0,2016.0
419547,0.0,1800.0,2019-05-08,0,0,1,0,0,0,509,partial_coverage,255,0.0,1778.0
420516,0.0,669.0,2019-05-08,0,0,1,0,0,1,510,partial_coverage,96,0.0,665.0
422133,1.0,1830.0,2019-05-08,0,0,1,0,0,0,511,partial_coverage,261,7.0,1827.0
422317,0.0,583.0,2019-05-08,1,0,1,0,0,1,512,partial_coverage,84,0.0,581.0
422319,7.0,15.0,2019-05-08,0,0,1,0,0,1,513,partial_coverage,2,7.0,14.0
422320,0.0,300.0,2019-05-08,1,0,1,0,0,1,514,full_coverage,43,0.0,679.0
422320,301.0,679.0,2019-05-08,0,0,1,0,0,1,515,full_coverage,55,0.0,679.0
422322,0.0,1505.0,2019-05-08,0,0,1,0,0,0,516,full_coverage,216,0.0,1505.0
422323,0.0,1202.0,2019-05-08,0,0,1,0,1,0,517,partial_coverage,172,0.0,1197.0
422515,0.0,705.0,2019-05-08,0,0,1,0,0,1,518,partial_coverage,101,0.0,700.0
422520,0.0,1713.0,2019-05-08,0,0,1,0,0,0,519,partial_coverage,245,0.0,1708.0
422521,0.0,1420.0,2019-05-08,0,0,1,0,0,0,520,partial_coverage,186,0.0,1295.0
422529,0.0,706.0,2019-05-08,0,0,1,0,0,1,521,partial_coverage,101,0.0,700.0
422530,0.0,520.0,2019-05-08,0,0,1,0,0,1,522,full_coverage,75,0.0,588.0
422530,521.0,591.0,2019-05-08,0,0,1,0,0,0,523,partial_coverage,10,0.0,588.0
422617,535.0,2201.0,2019-05-08,0,0,1,0,0,0,524,partial_coverage,238,539.0,4774.0
422618,0.0,2180.0,2019-05-08,0,0,1,0,0,0,525,partial_coverage,295,0.0,2058.0
422718,0.0,953.0,2019-05-08,1,0,1,0,0,0,526,partial_coverage,137,0.0,952.0
422719,0.0,1759.0,2019-05-08,0,0,1,0,0,0,527,partial_coverage,252,0.0,1757.0
422720,0.0,1418.0,2019-05-08,0,0,1,0,1,0,528,partial_coverage,203,0.0,1414.0
422916,0.0,375.0,2019-05-08,1,0,1,0,0,1,529,full_coverage,54,0.0,707.0
422916,376.0,828.0,2019-05-08,0,0,1,0,0,1,530,partial_coverage,48,0.0,707.0
422917,0.0,1060.0,2019-05-08,1,0,1,0,0,0,531,partial_coverage,152,0.0,1057.0
422917,250.0,700.0,2019-05-08,1,0,1,0,0,1,532,full_coverage,65,0.0,1057.0
422925,1.0,2144.0,2019-05-08,0,0,1,0,0,0,533,partial_coverage,289,0.0,2023.0
422717,0.0,1047.0,2019-05-10,0,0,1,1,0,1,534,partial_coverage,150,0.0,1043.0
422923,112.0,1088.0,2019-05-10,0,0,1,1,0,1,535,partial_coverage,134,0.0,1043.0
422924,0.0,1072.0,2019-05-10,0,0,1,1,0,1,536,partial_coverage,154,0.0,1071.0
423219,3.0,846.0,2019-05-10,0,0,1,1,0,1,537,partial_coverage,120,7.0,840.0
423414,0.0,1059.0,2019-05-10,0,0,1,0,0,1,538,partial_coverage,152,0.0,1057.0
424012,0.0,729.0,2019-05-10,0,0,1,1,0,0,539,full_coverage,105,0.0,1274.0
424012,730.0,1394.0,2019-05-10,0,0,1,1,1,0,540,partial_coverage,78,0.0,1274.0
421912,0.0,1542.0,2019-05-11,0,0,1,1,0,1,541,partial_coverage,204,0.0,1421.0
422528,0.0,2174.0,2019-05-11,0,0,1,0,0,0,542,partial_coverage,311,0.0,2170.0
422528,305.0,306.0,2019-05-11,0,0,1,0,0,1,543,zero_coverage,0,0.0,2170.0
422915,0.0,90.0,2019-05-11,1,0,1,1,0,1,544,full_coverage,13,0.0,609.0
422915,91.0,1091.0,2019-05-11,0,0,1,1,0,1,545,partial_coverage,75,0.0,609.0
422918,0.0,1061.0,2019-05-11,0,0,1,0,0,0,546,partial_coverage,118,0.0,819.0
423232,0.0,976.0,2019-05-11,0,0,1,1,0,1,547,partial_coverage,140,0.0,973.0
423614,4.0,899.0,2019-05-11,0,0,1,1,0,1,548,partial_coverage,128,7.0,1743.0
423614,900.0,1436.0,2019-05-11,1,0,1,1,0,1,549,full_coverage,77,7.0,1743.0
423615,0.0,1145.0,2019-05-11,0,1,1,1,0,0,550,full_coverage,164,0.0,1778.0
423615,1146.0,1782.0,2019-05-11,0,0,1,1,0,0,551,partial_coverage,91,0.0,1778.0
423618,0.0,2118.0,2019-05-11,0,0,1,1,0,0,552,partial_coverage,303,0.0,2114.0
423632,0.0,2611.0,2019-05-11,0,0,1,1,0,0,553,full_coverage,374,0.0,2611.0
423715,0.0,851.0,2019-05-11,0,0,1,1,0,1,554,partial_coverage,122,0.0,847.0
423716,184.0,1460.0,2019-05-11,0,0,1,1,0,0,555,partial_coverage,182,189.0,1610.0
423717,605.0,1444.0,2019-05-11,0,0,1,1,0,1,556,partial_coverage,120,609.0,2023.0
423719,0.0,1425.0,2019-05-11,0,0,1,1,0,0,557,partial_coverage,204,0.0,1421.0
423731,0.0,1448.0,2019-05-11,0,0,1,0,0,0,558,partial_coverage,190,0.0,1323.0
423919,0.0,1773.0,2019-05-11,0,0,1,1,0,0,559,partial_coverage,237,0.0,1652.0
417413,0.0,674.0,2019-05-12,0,0,1,0,0,0,560,partial_coverage,97,0.0,672.0
422347,0.0,1047.0,2019-05-12,0,0,1,0,0,0,561,partial_coverage,150,0.0,1043.0
422517,0.0,2155.0,2019-05-12,0,0,1,1,0,0,562,partial_coverage,308,0.0,2149.0
422712,0.0,1055.0,2019-05-12,0,0,1,0,0,0,563,partial_coverage,151,0.0,1050.0
422936,0.0,2218.0,2019-05-12,0,0,1,1,0,1,564,partial_coverage,249,0.0,1736.0
423226,0.0,2215.0,2019-05-12,0,0,1,1,0,1,565,partial_coverage,317,0.0,2212.0
423920,0.0,1418.0,2019-05-12,0,0,1,0,0,0,566,partial_coverage,203,0.0,1414.0
423922,0.0,2151.0,2019-05-12,0,0,1,1,0,0,567,partial_coverage,308,0.0,2149.0
423923,782.0,1435.0,2019-05-12,0,0,1,0,0,1,568,full_coverage,94,0.0,2135.0
423924,0.0,1777.0,2019-05-12,0,0,1,0,0,0,569,partial_coverage,238,0.0,1659.0
423924,170.0,230.0,2019-05-12,1,0,1,0,0,0,570,full_coverage,8,0.0,1659.0
424013,0.0,1400.0,2019-05-12,0,0,1,0,1,0,571,full_coverage,201,0.0,1400.0
424019,38.0,2156.0,2019-05-12,0,0,1,1,0,0,572,partial_coverage,303,42.0,2163.0
424020,129.0,2179.0,2019-05-12,0,0,1,0,1,0,573,partial_coverage,202,0.0,1540.0
424023,0.0,2077.0,2019-05-12,0,0,1,0,0,0,574,partial_coverage,297,0.0,2072.0
424025,131.0,1835.0,2019-05-12,0,0,1,0,0,0,575,partial_coverage,244,133.0,2002.0
424026,1.0,2229.0,2019-05-12,0,0,1,1,1,0,576,partial_coverage,318,7.0,2226.0
424828,0.0,1403.0,2019-05-12,0,0,1,0,0,0,577,partial_coverage,184,0.0,1281.0
423217,231.0,1075.0,2019-05-13,0,0,1,1,0,0,578,partial_coverage,121,0.0,1071.0
423217,0.0,230.0,2019-05-13,0,1,1,1,0,0,579,full_coverage,33,0.0,1071.0
423911,0.0,1506.0,2019-05-13,0,0,1,0,0,1,580,partial_coverage,216,0.0,1505.0
423935,64.0,479.0,2019-05-13,0,0,1,0,0,0,581,full_coverage,59,0.0,980.0
423935,480.0,1040.0,2019-05-13,0,1,1,0,0,0,582,partial_coverage,72,0.0,980.0
424214,0.0,1549.0,2019-05-13,0,0,1,0,0,1,583,partial_coverage,222,0.0,1547.0
424222,0.0,1581.0,2019-05-13,0,0,1,0,0,1,584,partial_coverage,226,0.0,1575.0
424223,1.0,1540.0,2019-05-13,0,0,1,0,0,1,585,partial_coverage,152,0.0,1064.0
424225,0.0,2084.0,2019-05-13,0,0,1,0,1,0,586,partial_coverage,298,0.0,2079.0
424323,0.0,809.0,2019-05-13,0,0,1,0,0,0,587,partial_coverage,116,0.0,805.0
425121,0.0,1479.0,2019-05-13,0,0,0,0,1,0,588,partial_coverage,212,0.0,1477.0
425123,0.0,1667.0,2019-05-13,0,0,1,0,0,1,589,partial_coverage,239,0.0,1666.0
424710,0.0,1535.0,2019-05-14,0,0,1,0,0,0,590,partial_coverage,220,0.0,1533.0
425012,0.0,200.0,2019-05-14,0,0,1,0,0,0,591,full_coverage,29,0.0,1379.0
421317,0.0,822.0,2019-05-15,1,0,1,1,0,1,592,partial_coverage,118,0.0,819.0
423914,250.0,694.0,2019-05-15,1,1,1,1,0,1,593,partial_coverage,64,0.0,693.0
423914,0.0,249.0,2019-05-15,1,0,1,1,0,1,594,full_coverage,36,0.0,693.0
423918,0.0,1061.0,2019-05-15,0,0,1,0,0,1,595,partial_coverage,152,0.0,1057.0
423930,1.0,967.0,2019-05-15,1,0,1,1,0,1,596,partial_coverage,138,7.0,966.0
423932,0.0,1223.0,2019-05-15,0,0,0,0,0,1,597,partial_coverage,175,0.0,1218.0
423934,0.0,1455.0,2019-05-15,0,0,1,0,0,1,598,partial_coverage,208,0.0,1449.0
424220,0.0,1554.0,2019-05-15,0,0,1,0,0,1,599,partial_coverage,187,0.0,1302.0
424221,1390.0,1567.0,2019-05-15,0,0,0,0,0,1,600,partial_coverage,25,7.0,1561.0
424224,1.0,1554.0,2019-05-15,0,0,1,0,0,0,601,partial_coverage,205,0.0,1435.0
424529,3.0,2202.0,2019-05-15,0,0,0,1,0,1,602,partial_coverage,314,7.0,2198.0
424810,0.0,1083.0,2019-05-15,1,0,1,1,0,0,603,partial_coverage,155,0.0,1078.0
425010,0.0,1068.0,2019-05-15,1,0,1,1,0,1,604,partial_coverage,153,0.0,1064.0
425011,0.0,995.0,2019-05-15,1,0,1,1,0,1,605,partial_coverage,143,0.0,994.0
425111,1.0,1329.0,2019-05-15,0,0,1,0,0,1,606,partial_coverage,121,0.0,847.0
425120,2.0,1518.0,2019-05-15,0,0,1,0,0,0,607,partial_coverage,216,7.0,1512.0
426151,0.0,1374.0,2019-05-15,0,0,1,0,0,0,608,partial_coverage,197,0.0,1372.0
426152,0.0,2518.0,2019-05-15,0,0,1,0,0,1,609,partial_coverage,343,0.0,2394.0
426213,0.0,1408.0,2019-05-15,0,0,1,0,0,1,610,partial_coverage,202,0.0,1407.0
424016,0.0,1941.0,2019-05-16,0,1,1,1,0,0,611,partial_coverage,278,0.0,1939.0
424313,0.0,1370.0,2019-05-16,0,0,1,0,0,0,612,partial_coverage,179,0.0,1246.0
424712,1.0,889.0,2019-05-16,0,0,1,1,0,0,613,partial_coverage,127,7.0,1057.0
424712,890.0,1059.0,2019-05-16,0,1,1,1,0,0,614,partial_coverage,24,7.0,1057.0
425612,0.0,2055.0,2019-05-16,0,0,1,1,0,0,615,partial_coverage,294,0.0,2051.0
426214,0.0,292.0,2019-05-16,0,0,1,0,0,0,616,partial_coverage,42,0.0,287.0
